/*
SQLyog Professional v13.1.1 (64 bit)
MySQL - 8.0.30 : Database - mboknyamil
*********************************************************************
*/

/*!40101 SET NAMES utf8 */;

/*!40101 SET SQL_MODE=''*/;

/*!40014 SET @OLD_UNIQUE_CHECKS=@@UNIQUE_CHECKS, UNIQUE_CHECKS=0 */;
/*!40014 SET @OLD_FOREIGN_KEY_CHECKS=@@FOREIGN_KEY_CHECKS, FOREIGN_KEY_CHECKS=0 */;
/*!40101 SET @OLD_SQL_MODE=@@SQL_MODE, SQL_MODE='NO_AUTO_VALUE_ON_ZERO' */;
/*!40111 SET @OLD_SQL_NOTES=@@SQL_NOTES, SQL_NOTES=0 */;
CREATE DATABASE /*!32312 IF NOT EXISTS*/`mboknyamil` /*!40100 DEFAULT CHARACTER SET utf8mb4 COLLATE utf8mb4_0900_ai_ci */ /*!80016 DEFAULT ENCRYPTION='N' */;

USE `mboknyamil`;

/*Table structure for table `banners` */

DROP TABLE IF EXISTS `banners`;

CREATE TABLE `banners` (
  `id` bigint unsigned NOT NULL AUTO_INCREMENT,
  `name` varchar(255) COLLATE utf8mb4_unicode_ci NOT NULL,
  `image` varchar(255) COLLATE utf8mb4_unicode_ci NOT NULL,
  `created_at` timestamp NULL DEFAULT NULL,
  `updated_at` timestamp NULL DEFAULT NULL,
  PRIMARY KEY (`id`)
) ENGINE=InnoDB AUTO_INCREMENT=6 DEFAULT CHARSET=utf8mb4 COLLATE=utf8mb4_unicode_ci;

/*Data for the table `banners` */

insert  into `banners`(`id`,`name`,`image`,`created_at`,`updated_at`) values 
(4,'Rengginang MbokNyemil','01JEFKVTVXFHFQN0HD1QPEXVNF.jpg','2024-12-07 03:50:55','2024-12-07 03:50:55'),
(5,'Rengginang MbokNyemil','01JEFKY2DNTR636228TT9B3XH8.jpg','2024-12-07 03:52:08','2024-12-07 03:52:08');

/*Table structure for table `cache` */

DROP TABLE IF EXISTS `cache`;

CREATE TABLE `cache` (
  `key` varchar(255) COLLATE utf8mb4_unicode_ci NOT NULL,
  `value` mediumtext COLLATE utf8mb4_unicode_ci NOT NULL,
  `expiration` int NOT NULL,
  PRIMARY KEY (`key`)
) ENGINE=InnoDB DEFAULT CHARSET=utf8mb4 COLLATE=utf8mb4_unicode_ci;

/*Data for the table `cache` */

insert  into `cache`(`key`,`value`,`expiration`) values 
('356a192b7913b04c54574d18c28d46e6395428ab','i:1;',1733544389),
('356a192b7913b04c54574d18c28d46e6395428ab:timer','i:1733544389;',1733544389),
('a17961fa74e9275d529f489537f179c05d50c2f3','i:1;',1733552907),
('a17961fa74e9275d529f489537f179c05d50c2f3:timer','i:1733552907;',1733552907);

/*Table structure for table `cache_locks` */

DROP TABLE IF EXISTS `cache_locks`;

CREATE TABLE `cache_locks` (
  `key` varchar(255) COLLATE utf8mb4_unicode_ci NOT NULL,
  `owner` varchar(255) COLLATE utf8mb4_unicode_ci NOT NULL,
  `expiration` int NOT NULL,
  PRIMARY KEY (`key`)
) ENGINE=InnoDB DEFAULT CHARSET=utf8mb4 COLLATE=utf8mb4_unicode_ci;

/*Data for the table `cache_locks` */

/*Table structure for table `carts` */

DROP TABLE IF EXISTS `carts`;

CREATE TABLE `carts` (
  `id` bigint unsigned NOT NULL AUTO_INCREMENT,
  `user_id` bigint unsigned NOT NULL,
  `product_id` bigint unsigned NOT NULL,
  `quantity` int NOT NULL,
  `created_at` timestamp NULL DEFAULT NULL,
  `updated_at` timestamp NULL DEFAULT NULL,
  PRIMARY KEY (`id`),
  KEY `carts_user_id_foreign` (`user_id`),
  KEY `carts_product_id_foreign` (`product_id`),
  CONSTRAINT `carts_product_id_foreign` FOREIGN KEY (`product_id`) REFERENCES `products` (`id`),
  CONSTRAINT `carts_user_id_foreign` FOREIGN KEY (`user_id`) REFERENCES `users` (`id`) ON DELETE CASCADE
) ENGINE=InnoDB AUTO_INCREMENT=27 DEFAULT CHARSET=utf8mb4 COLLATE=utf8mb4_unicode_ci;

/*Data for the table `carts` */

/*Table structure for table `categories` */

DROP TABLE IF EXISTS `categories`;

CREATE TABLE `categories` (
  `id` bigint unsigned NOT NULL AUTO_INCREMENT,
  `name` varchar(255) COLLATE utf8mb4_unicode_ci NOT NULL,
  `slug` varchar(255) COLLATE utf8mb4_unicode_ci NOT NULL,
  `created_at` timestamp NULL DEFAULT NULL,
  `updated_at` timestamp NULL DEFAULT NULL,
  PRIMARY KEY (`id`)
) ENGINE=InnoDB AUTO_INCREMENT=13 DEFAULT CHARSET=utf8mb4 COLLATE=utf8mb4_unicode_ci;

/*Data for the table `categories` */

insert  into `categories`(`id`,`name`,`slug`,`created_at`,`updated_at`) values 
(9,'Rengginang Jawa','A Taste of Tradition','2024-12-07 03:54:52','2024-12-07 03:54:52'),
(10,'Rengginang Betawi','A Fusion of Flavors','2024-12-07 03:55:09','2024-12-07 03:55:09'),
(11,'Rengginang Bali','A Tropical Twist','2024-12-07 03:55:22','2024-12-07 03:55:22'),
(12,'Rengginang Sumatera','A Spicy Sensation','2024-12-07 03:55:36','2024-12-07 03:55:36');

/*Table structure for table `failed_jobs` */

DROP TABLE IF EXISTS `failed_jobs`;

CREATE TABLE `failed_jobs` (
  `id` bigint unsigned NOT NULL AUTO_INCREMENT,
  `uuid` varchar(255) COLLATE utf8mb4_unicode_ci NOT NULL,
  `connection` text COLLATE utf8mb4_unicode_ci NOT NULL,
  `queue` text COLLATE utf8mb4_unicode_ci NOT NULL,
  `payload` longtext COLLATE utf8mb4_unicode_ci NOT NULL,
  `exception` longtext COLLATE utf8mb4_unicode_ci NOT NULL,
  `failed_at` timestamp NOT NULL DEFAULT CURRENT_TIMESTAMP,
  PRIMARY KEY (`id`),
  UNIQUE KEY `failed_jobs_uuid_unique` (`uuid`)
) ENGINE=InnoDB DEFAULT CHARSET=utf8mb4 COLLATE=utf8mb4_unicode_ci;

/*Data for the table `failed_jobs` */

/*Table structure for table `job_batches` */

DROP TABLE IF EXISTS `job_batches`;

CREATE TABLE `job_batches` (
  `id` varchar(255) COLLATE utf8mb4_unicode_ci NOT NULL,
  `name` varchar(255) COLLATE utf8mb4_unicode_ci NOT NULL,
  `total_jobs` int NOT NULL,
  `pending_jobs` int NOT NULL,
  `failed_jobs` int NOT NULL,
  `failed_job_ids` longtext COLLATE utf8mb4_unicode_ci NOT NULL,
  `options` mediumtext COLLATE utf8mb4_unicode_ci,
  `cancelled_at` int DEFAULT NULL,
  `created_at` int NOT NULL,
  `finished_at` int DEFAULT NULL,
  PRIMARY KEY (`id`)
) ENGINE=InnoDB DEFAULT CHARSET=utf8mb4 COLLATE=utf8mb4_unicode_ci;

/*Data for the table `job_batches` */

/*Table structure for table `jobs` */

DROP TABLE IF EXISTS `jobs`;

CREATE TABLE `jobs` (
  `id` bigint unsigned NOT NULL AUTO_INCREMENT,
  `queue` varchar(255) COLLATE utf8mb4_unicode_ci NOT NULL,
  `payload` longtext COLLATE utf8mb4_unicode_ci NOT NULL,
  `attempts` tinyint unsigned NOT NULL,
  `reserved_at` int unsigned DEFAULT NULL,
  `available_at` int unsigned NOT NULL,
  `created_at` int unsigned NOT NULL,
  PRIMARY KEY (`id`),
  KEY `jobs_queue_index` (`queue`)
) ENGINE=InnoDB AUTO_INCREMENT=5 DEFAULT CHARSET=utf8mb4 COLLATE=utf8mb4_unicode_ci;

/*Data for the table `jobs` */

/*Table structure for table `migrations` */

DROP TABLE IF EXISTS `migrations`;

CREATE TABLE `migrations` (
  `id` int unsigned NOT NULL AUTO_INCREMENT,
  `migration` varchar(255) COLLATE utf8mb4_unicode_ci NOT NULL,
  `batch` int NOT NULL,
  PRIMARY KEY (`id`)
) ENGINE=InnoDB AUTO_INCREMENT=15 DEFAULT CHARSET=utf8mb4 COLLATE=utf8mb4_unicode_ci;

/*Data for the table `migrations` */

insert  into `migrations`(`id`,`migration`,`batch`) values 
(1,'0001_01_01_000000_create_users_table',1),
(2,'0001_01_01_000001_create_cache_table',1),
(3,'0001_01_01_000002_create_jobs_table',1),
(4,'2024_12_04_163228_add_role_to_users_table',1),
(5,'2024_12_04_163320_create_categories_table',1),
(6,'2024_12_04_163320_create_payments_table',1),
(7,'2024_12_04_163321_create_orders_table',1),
(8,'2024_12_04_163321_create_products_table',1),
(9,'2024_12_04_163322_create_carts_table',1),
(10,'2024_12_04_163322_create_order_items_table',1),
(11,'2024_12_04_163322_create_shop_profiles_table',1),
(12,'2024_12_04_170405_add_parent_id_and_account_to_payments_table',2),
(13,'2024_12_05_044211_add_phone_and_address_to_users_table',3),
(14,'2024_12_05_050113_create_banners_table',4);

/*Table structure for table `order_items` */

DROP TABLE IF EXISTS `order_items`;

CREATE TABLE `order_items` (
  `id` bigint unsigned NOT NULL AUTO_INCREMENT,
  `order_id` bigint unsigned NOT NULL,
  `product_id` bigint unsigned NOT NULL,
  `quantity` int NOT NULL,
  `price` decimal(10,2) NOT NULL,
  `created_at` timestamp NULL DEFAULT NULL,
  `updated_at` timestamp NULL DEFAULT NULL,
  PRIMARY KEY (`id`),
  KEY `order_items_order_id_foreign` (`order_id`),
  KEY `order_items_product_id_foreign` (`product_id`),
  CONSTRAINT `order_items_order_id_foreign` FOREIGN KEY (`order_id`) REFERENCES `orders` (`id`) ON DELETE CASCADE,
  CONSTRAINT `order_items_product_id_foreign` FOREIGN KEY (`product_id`) REFERENCES `products` (`id`)
) ENGINE=InnoDB AUTO_INCREMENT=18 DEFAULT CHARSET=utf8mb4 COLLATE=utf8mb4_unicode_ci;

/*Data for the table `order_items` */

insert  into `order_items`(`id`,`order_id`,`product_id`,`quantity`,`price`,`created_at`,`updated_at`) values 
(8,7,3,1,24000.00,'2024-12-07 04:57:32','2024-12-07 04:57:32'),
(9,7,4,2,20000.00,'2024-12-07 04:57:32','2024-12-07 04:57:32'),
(10,8,4,1,20000.00,'2024-12-07 05:39:14','2024-12-07 05:39:14'),
(11,9,5,1,35000.00,'2024-12-07 05:42:30','2024-12-07 05:42:30'),
(12,10,3,1,24000.00,'2024-12-07 05:44:14','2024-12-07 05:44:14'),
(13,11,3,1,24000.00,'2024-12-07 06:14:23','2024-12-07 06:14:23'),
(14,11,5,3,35000.00,'2024-12-07 06:14:23','2024-12-07 06:14:23'),
(15,12,5,1,35000.00,'2024-12-07 06:16:45','2024-12-07 06:16:45'),
(16,13,4,2,20000.00,'2024-12-07 06:26:46','2024-12-07 06:26:46'),
(17,13,5,3,35000.00,'2024-12-07 06:26:46','2024-12-07 06:26:46');

/*Table structure for table `orders` */

DROP TABLE IF EXISTS `orders`;

CREATE TABLE `orders` (
  `id` bigint unsigned NOT NULL AUTO_INCREMENT,
  `user_id` bigint unsigned NOT NULL,
  `payment_id` bigint unsigned NOT NULL,
  `total_amount` decimal(10,2) NOT NULL,
  `shipping_address` varchar(255) COLLATE utf8mb4_unicode_ci NOT NULL,
  `shipping_phone` varchar(255) COLLATE utf8mb4_unicode_ci NOT NULL,
  `status` enum('pending','processing','shipped','finished') COLLATE utf8mb4_unicode_ci NOT NULL DEFAULT 'pending',
  `created_at` timestamp NULL DEFAULT NULL,
  `updated_at` timestamp NULL DEFAULT NULL,
  PRIMARY KEY (`id`),
  KEY `orders_user_id_foreign` (`user_id`),
  KEY `orders_payment_id_foreign` (`payment_id`),
  CONSTRAINT `orders_payment_id_foreign` FOREIGN KEY (`payment_id`) REFERENCES `payments` (`id`),
  CONSTRAINT `orders_user_id_foreign` FOREIGN KEY (`user_id`) REFERENCES `users` (`id`) ON DELETE CASCADE
) ENGINE=InnoDB AUTO_INCREMENT=14 DEFAULT CHARSET=utf8mb4 COLLATE=utf8mb4_unicode_ci;

/*Data for the table `orders` */

insert  into `orders`(`id`,`user_id`,`payment_id`,`total_amount`,`shipping_address`,`shipping_phone`,`status`,`created_at`,`updated_at`) values 
(7,6,8,64000.00,'Medan','08883866931','finished','2024-12-07 04:57:32','2024-12-07 06:03:48'),
(8,6,1,20000.00,'Medan','08883866931','processing','2024-12-07 05:39:14','2024-12-07 06:04:53'),
(9,6,7,35000.00,'Medan','08883866931','pending','2024-12-07 05:42:30','2024-12-07 05:42:30'),
(10,6,7,24000.00,'Medan','08883866931','pending','2024-12-07 05:44:14','2024-12-07 05:44:14'),
(11,6,8,129000.00,'Medan','08883866931','pending','2024-12-07 06:14:23','2024-12-07 06:14:23'),
(12,6,7,35000.00,'Medan','08883866931','processing','2024-12-07 06:16:45','2024-12-07 06:18:09'),
(13,6,7,145000.00,'Medan','08883866931','finished','2024-12-07 06:26:46','2024-12-07 06:29:26');

/*Table structure for table `password_reset_tokens` */

DROP TABLE IF EXISTS `password_reset_tokens`;

CREATE TABLE `password_reset_tokens` (
  `email` varchar(255) COLLATE utf8mb4_unicode_ci NOT NULL,
  `token` varchar(255) COLLATE utf8mb4_unicode_ci NOT NULL,
  `created_at` timestamp NULL DEFAULT NULL,
  PRIMARY KEY (`email`)
) ENGINE=InnoDB DEFAULT CHARSET=utf8mb4 COLLATE=utf8mb4_unicode_ci;

/*Data for the table `password_reset_tokens` */

/*Table structure for table `payments` */

DROP TABLE IF EXISTS `payments`;

CREATE TABLE `payments` (
  `id` bigint unsigned NOT NULL AUTO_INCREMENT,
  `parent_id` bigint unsigned DEFAULT NULL,
  `name` varchar(255) COLLATE utf8mb4_unicode_ci NOT NULL,
  `account_number` varchar(255) COLLATE utf8mb4_unicode_ci DEFAULT NULL,
  `description` varchar(255) COLLATE utf8mb4_unicode_ci DEFAULT NULL,
  `is_active` tinyint(1) NOT NULL DEFAULT '1',
  `created_at` timestamp NULL DEFAULT NULL,
  `updated_at` timestamp NULL DEFAULT NULL,
  PRIMARY KEY (`id`),
  KEY `payments_parent_id_foreign` (`parent_id`),
  CONSTRAINT `payments_parent_id_foreign` FOREIGN KEY (`parent_id`) REFERENCES `payments` (`id`) ON DELETE CASCADE
) ENGINE=InnoDB AUTO_INCREMENT=10 DEFAULT CHARSET=utf8mb4 COLLATE=utf8mb4_unicode_ci;

/*Data for the table `payments` */

insert  into `payments`(`id`,`parent_id`,`name`,`account_number`,`description`,`is_active`,`created_at`,`updated_at`) values 
(1,NULL,'COD',NULL,'Cash On Delivery',1,'2024-12-04 16:55:27','2024-12-04 18:06:03'),
(7,NULL,'BCA',NULL,'1400927002',1,'2024-12-04 17:23:19','2024-12-07 03:57:01'),
(8,NULL,'BRI',NULL,'055501040791507',1,'2024-12-04 18:05:54','2024-12-07 03:57:41');

/*Table structure for table `products` */

DROP TABLE IF EXISTS `products`;

CREATE TABLE `products` (
  `id` bigint unsigned NOT NULL AUTO_INCREMENT,
  `category_id` bigint unsigned NOT NULL,
  `name` varchar(255) COLLATE utf8mb4_unicode_ci NOT NULL,
  `slug` varchar(255) COLLATE utf8mb4_unicode_ci NOT NULL,
  `description` text COLLATE utf8mb4_unicode_ci NOT NULL,
  `price` decimal(10,2) NOT NULL,
  `stock` int NOT NULL,
  `image` varchar(255) COLLATE utf8mb4_unicode_ci NOT NULL,
  `created_at` timestamp NULL DEFAULT NULL,
  `updated_at` timestamp NULL DEFAULT NULL,
  PRIMARY KEY (`id`),
  KEY `products_category_id_foreign` (`category_id`),
  CONSTRAINT `products_category_id_foreign` FOREIGN KEY (`category_id`) REFERENCES `categories` (`id`) ON DELETE CASCADE
) ENGINE=InnoDB AUTO_INCREMENT=6 DEFAULT CHARSET=utf8mb4 COLLATE=utf8mb4_unicode_ci;

/*Data for the table `products` */

insert  into `products`(`id`,`category_id`,`name`,`slug`,`description`,`price`,`stock`,`image`,`created_at`,`updated_at`) values 
(3,12,'Rengginang Sumatera','A Spicy Sensation','Sensasi pedas rengginang sumatera',24000.00,97,'01JEFMJ1N5GP3ZQRER2C5C4KE8.png','2024-12-07 04:03:03','2024-12-07 06:14:23'),
(4,9,'Rengginang jawa','A Tradisional Sensation','Sensasi rengginang tradisional',20000.00,45,'01JEFMM9HV711VPCA7HG4C8WAB.png','2024-12-07 04:04:17','2024-12-07 06:26:46'),
(5,10,'Rengginang Betawi','A Fussion of Flavors','Rasakan nikmatnya gabungan rasa-rasa',35000.00,92,'01JEFMPQK8DTSGHZ5AHFXDGDXR.png','2024-12-07 04:05:37','2024-12-07 06:26:46');

/*Table structure for table `sessions` */

DROP TABLE IF EXISTS `sessions`;

CREATE TABLE `sessions` (
  `id` varchar(255) COLLATE utf8mb4_unicode_ci NOT NULL,
  `user_id` bigint unsigned DEFAULT NULL,
  `ip_address` varchar(45) COLLATE utf8mb4_unicode_ci DEFAULT NULL,
  `user_agent` text COLLATE utf8mb4_unicode_ci,
  `payload` longtext COLLATE utf8mb4_unicode_ci NOT NULL,
  `last_activity` int NOT NULL,
  PRIMARY KEY (`id`),
  KEY `sessions_user_id_index` (`user_id`),
  KEY `sessions_last_activity_index` (`last_activity`)
) ENGINE=InnoDB DEFAULT CHARSET=utf8mb4 COLLATE=utf8mb4_unicode_ci;

/*Data for the table `sessions` */

insert  into `sessions`(`id`,`user_id`,`ip_address`,`user_agent`,`payload`,`last_activity`) values 
('DI1yv31TGZKZABFvya6QuYTFRQqPIDOk3q0r8wfL',NULL,'127.0.0.1','Mozilla/5.0 (Windows NT 10.0; Win64; x64) AppleWebKit/537.36 (KHTML, like Gecko) Chrome/131.0.0.0 Safari/537.36 Edg/131.0.0.0','YTo0OntzOjY6Il90b2tlbiI7czo0MDoiQVJDTWlLZ0VROFJsY1VRUVpMa1JMRE9maXpEbFRHaUF2VG00ZTJ3ZyI7czo2OiJfZmxhc2giO2E6Mjp7czozOiJvbGQiO2E6MDp7fXM6MzoibmV3IjthOjA6e319czo5OiJfcHJldmlvdXMiO2E6MTp7czozOiJ1cmwiO3M6Mjc6Imh0dHA6Ly8xMjcuMC4wLjE6ODAwMC9sb2dpbiI7fXM6MzoidXJsIjthOjE6e3M6ODoiaW50ZW5kZWQiO3M6MjY6Imh0dHA6Ly8xMjcuMC4wLjE6ODAwMC9jYXJ0Ijt9fQ==',1733553124);

/*Table structure for table `shop_profiles` */

DROP TABLE IF EXISTS `shop_profiles`;

CREATE TABLE `shop_profiles` (
  `id` bigint unsigned NOT NULL AUTO_INCREMENT,
  `name` varchar(255) COLLATE utf8mb4_unicode_ci NOT NULL,
  `address` text COLLATE utf8mb4_unicode_ci NOT NULL,
  `email` varchar(255) COLLATE utf8mb4_unicode_ci NOT NULL,
  `phone` varchar(255) COLLATE utf8mb4_unicode_ci NOT NULL,
  `created_at` timestamp NULL DEFAULT NULL,
  `updated_at` timestamp NULL DEFAULT NULL,
  PRIMARY KEY (`id`)
) ENGINE=InnoDB AUTO_INCREMENT=2 DEFAULT CHARSET=utf8mb4 COLLATE=utf8mb4_unicode_ci;

/*Data for the table `shop_profiles` */

insert  into `shop_profiles`(`id`,`name`,`address`,`email`,`phone`,`created_at`,`updated_at`) values 
(1,'Mbok Nyemil','Jl. Lingkar Maskumambang No. 12, Kel. Mojoroto, Kec. Mojoroto, Kota Kediri, Jawa Timur.','MbokNyamil@gmail.com','085765091098','2024-12-04 17:27:06','2024-12-07 03:48:12');

/*Table structure for table `users` */

DROP TABLE IF EXISTS `users`;

CREATE TABLE `users` (
  `id` bigint unsigned NOT NULL AUTO_INCREMENT,
  `name` varchar(255) COLLATE utf8mb4_unicode_ci NOT NULL,
  `email` varchar(255) COLLATE utf8mb4_unicode_ci NOT NULL,
  `phone` varchar(255) COLLATE utf8mb4_unicode_ci DEFAULT NULL,
  `address` text COLLATE utf8mb4_unicode_ci,
  `email_verified_at` timestamp NULL DEFAULT NULL,
  `password` varchar(255) COLLATE utf8mb4_unicode_ci NOT NULL,
  `remember_token` varchar(100) COLLATE utf8mb4_unicode_ci DEFAULT NULL,
  `created_at` timestamp NULL DEFAULT NULL,
  `updated_at` timestamp NULL DEFAULT NULL,
  `role` enum('admin','customer') COLLATE utf8mb4_unicode_ci NOT NULL DEFAULT 'customer',
  PRIMARY KEY (`id`),
  UNIQUE KEY `users_email_unique` (`email`)
) ENGINE=InnoDB AUTO_INCREMENT=7 DEFAULT CHARSET=utf8mb4 COLLATE=utf8mb4_unicode_ci;

/*Data for the table `users` */

insert  into `users`(`id`,`name`,`email`,`phone`,`address`,`email_verified_at`,`password`,`remember_token`,`created_at`,`updated_at`,`role`) values 
(1,'admin','admin@gmail.com','0876543',NULL,NULL,'$2y$12$p9qy7KAUl6Q/weUJm94mSu.ZM.oJXqKqio60WeJeDJB763f7yZxFq',NULL,'2024-12-04 16:45:59','2024-12-06 08:42:17','admin'),

/*!40101 SET SQL_MODE=@OLD_SQL_MODE */;
/*!40014 SET FOREIGN_KEY_CHECKS=@OLD_FOREIGN_KEY_CHECKS */;
/*!40014 SET UNIQUE_CHECKS=@OLD_UNIQUE_CHECKS */;
/*!40111 SET SQL_NOTES=@OLD_SQL_NOTES */;
